Timestamp,Delta (s),Raw Data (Hex),Modifier,Modifier Keys,Active Keys
2025-05-11T01:33:50.629696,2.828398,06 00 00 00 00 02 00 00 00 00 00 00 00 00 00 00 00 00 00 00 00 00 00 00 00 00 00 00 00 00 00 00,6,"左Shift, 左Alt",0x02
2025-05-11T01:33:50.683501,2.882203,06 00 00 00 00 00 00 00 00 00 00 00 00 00 00 00 00 00 00 00 00 00 00 00 00 00 00 00 00 00 00 00,6,"左Shift, 左Alt",
2025-05-11T01:33:51.424506,3.623208,06 00 00 00 00 02 00 00 00 00 00 00 00 00 00 00 00 00 00 00 00 00 00 00 00 00 00 00 00 00 00 00,6,"左Shift, 左Alt",0x02
2025-05-11T01:33:51.514461,3.713163,06 00 00 00 00 00 00 00 00 00 00 00 00 00 00 00 00 00 00 00 00 00 00 00 00 00 00 00 00 00 00 00,6,"左Shift, 左Alt",
2025-05-11T01:33:52.399464,4.598166,06 02 00 00 00 00 00 00 00 00 00 00 00 00 00 00 00 00 00 00 00 00 00 00 00 00 00 00 00 00 00 00,6,"左Shift, 左Alt",
2025-05-11T01:33:52.400261,4.598963,06 02 00 00 00 08 00 00 00 00 00 00 00 00 00 00 00 00 00 00 00 00 00 00 00 00 00 00 00 00 00 00,6,"左Shift, 左Alt",E(0x08)
2025-05-11T01:33:52.484483,4.683185,06 02 00 00 00 00 00 00 00 00 00 00 00 00 00 00 00 00 00 00 00 00 00 00 00 00 00 00 00 00 00 00,6,"左Shift, 左Alt",
2025-05-11T01:33:52.485265,4.683967,06 00 00 00 00 00 00 00 00 00 00 00 00 00 00 00 00 00 00 00 00 00 00 00 00 00 00 00 00 00 00 00,6,"左Shift, 左Alt",
2025-05-11T01:33:52.737467,4.936169,06 02 00 00 00 00 00 00 00 00 00 00 00 00 00 00 00 00 00 00 00 00 00 00 00 00 00 00 00 00 00 00,6,"左Shift, 左Alt",
2025-05-11T01:33:52.738254,4.936956,06 02 40 00 00 00 00 00 00 00 00 00 00 00 00 00 00 00 00 00 00 00 00 00 00 00 00 00 00 00 00 00,6,"左Shift, 左Alt",F7(0x40)
2025-05-11T01:33:52.828500,5.027202,06 02 00 00 00 00 00 00 00 00 00 00 00 00 00 00 00 00 00 00 00 00 00 00 00 00 00 00 00 00 00 00,6,"左Shift, 左Alt",
2025-05-11T01:33:52.829229,5.027931,06 00 00 00 00 00 00 00 00 00 00 00 00 00 00 00 00 00 00 00 00 00 00 00 00 00 00 00 00 00 00 00,6,"左Shift, 左Alt",
2025-05-11T01:33:53.052484,5.251186,06 02 00 00 00 00 00 00 00 00 00 00 00 00 00 00 00 00 00 00 00 00 00 00 00 00 00 00 00 00 00 00,6,"左Shift, 左Alt",
2025-05-11T01:33:53.053286,5.251988,06 02 00 00 00 02 00 00 00 00 00 00 00 00 00 00 00 00 00 00 00 00 00 00 00 00 00 00 00 00 00 00,6,"左Shift, 左Alt",0x02
2025-05-11T01:33:53.144488,5.34319,06 02 00 00 00 00 00 00 00 00 00 00 00 00 00 00 00 00 00 00 00 00 00 00 00 00 00 00 00 00 00 00,6,"左Shift, 左Alt",
2025-05-11T01:33:53.145270,5.343972,06 00 00 00 00 00 00 00 00 00 00 00 00 00 00 00 00 00 00 00 00 00 00 00 00 00 00 00 00 00 00 00,6,"左Shift, 左Alt",
2025-05-11T01:33:53.359497,5.558199,06 00 00 00 00 00 00 00 00 00 00 10 00 00 00 00 00 00 00 00 00 00 00 00 00 00 00 00 00 00 00 00,6,"左Shift, 左Alt",
2025-05-11T01:33:53.451580,5.650282,06 00 00 00 00 00 00 00 00 00 00 00 00 00 00 00 00 00 00 00 00 00 00 00 00 00 00 00 00 00 00 00,6,"左Shift, 左Alt",
2025-05-11T01:33:53.809361,6.008063,06 00 00 00 00 02 00 00 00 00 00 00 00 00 00 00 00 00 00 00 00 00 00 00 00 00 00 00 00 00 00 00,6,"左Shift, 左Alt",0x02
2025-05-11T01:33:53.946357,6.145059,06 00 00 00 00 00 00 00 00 00 00 00 00 00 00 00 00 00 00 00 00 00 00 00 00 00 00 00 00 00 00 00,6,"左Shift, 左Alt",
2025-05-11T01:33:54.109502,6.308204,06 00 10 00 00 00 00 00 00 00 00 00 00 00 00 00 00 00 00 00 00 00 00 00 00 00 00 00 00 00 00 00,6,"左Shift, 左Alt",M(0x10)
2025-05-11T01:33:54.226461,6.425163,06 00 00 00 00 00 00 00 00 00 00 00 00 00 00 00 00 00 00 00 00 00 00 00 00 00 00 00 00 00 00 00,6,"左Shift, 左Alt",
2025-05-11T01:33:54.434481,6.633183,06 00 00 00 00 10 00 00 00 00 00 00 00 00 00 00 00 00 00 00 00 00 00 00 00 00 00 00 00 00 00 00,6,"左Shift, 左Alt",M(0x10)
2025-05-11T01:33:54.540481,6.739183,06 00 00 00 00 00 00 00 00 00 00 00 00 00 00 00 00 00 00 00 00 00 00 00 00 00 00 00 00 00 00 00,6,"左Shift, 左Alt",
2025-05-11T01:33:54.747510,6.946212,06 00 00 00 10 00 00 00 00 00 00 00 00 00 00 00 00 00 00 00 00 00 00 00 00 00 00 00 00 00 00 00,6,"左Shift, 左Alt",M(0x10)
2025-05-11T01:33:54.848415,7.047117,06 00 00 00 00 00 00 00 00 00 00 00 00 00 00 00 00 00 00 00 00 00 00 00 00 00 00 00 00 00 00 00,6,"左Shift, 左Alt",
2025-05-11T01:33:55.459502,7.658204,06 00 00 00 08 00 00 00 00 00 00 00 00 00 00 00 00 00 00 00 00 00 00 00 00 00 00 00 00 00 00 00,6,"左Shift, 左Alt",E(0x08)
2025-05-11T01:33:55.563504,7.762206,06 00 00 00 00 00 00 00 00 00 00 00 00 00 00 00 00 00 00 00 00 00 00 00 00 00 00 00 00 00 00 00,6,"左Shift, 左Alt",
2025-05-11T01:33:55.778465,7.977167,06 02 00 00 00 00 00 00 00 00 00 00 00 00 00 00 00 00 00 00 00 00 00 00 00 00 00 00 00 00 00 00,6,"左Shift, 左Alt",
2025-05-11T01:33:55.779288,7.97799,06 02 00 00 00 00 00 00 20 00 00 00 00 00 00 00 00 00 00 00 00 00 00 00 00 00 00 00 00 00 00 00,6,"左Shift, 左Alt",
2025-05-11T01:33:55.780273,7.978975,06 00 00 00 80 00 00 00 20 00 00 00 00 00 00 00 00 00 00 00 00 00 00 00 00 00 00 00 00 00 00 00,6,"左Shift, 左Alt",0x80
2025-05-11T01:33:55.846535,8.045237,06 00 00 00 80 00 00 00 00 00 00 00 00 00 00 00 00 00 00 00 00 00 00 00 00 00 00 00 00 00 00 00,6,"左Shift, 左Alt",0x80
2025-05-11T01:33:55.847301,8.046003,06 00 00 00 00 00 00 00 00 00 00 00 00 00 00 00 00 00 00 00 00 00 00 00 00 00 00 00 00 00 00 00,6,"左Shift, 左Alt",
2025-05-11T01:33:57.075482,9.274184,06 00 00 00 00 00 00 00 00 00 01 00 00 00 00 00 00 00 00 00 00 00 00 00 00 00 00 00 00 00 00 00,6,"左Shift, 左Alt",
2025-05-11T01:33:57.174493,9.373195,06 00 00 00 00 00 00 00 00 00 00 00 00 00 00 00 00 00 00 00 00 00 00 00 00 00 00 00 00 00 00 00,6,"左Shift, 左Alt",
2025-05-11T01:33:57.483535,9.682237,06 02 00 00 00 00 00 00 00 00 00 00 00 00 00 00 00 00 00 00 00 00 00 00 00 00 00 00 00 00 00 00,6,"左Shift, 左Alt",
2025-05-11T01:33:57.484313,9.683015,06 02 00 00 02 00 00 00 00 00 00 00 00 00 00 00 00 00 00 00 00 00 00 00 00 00 00 00 00 00 00 00,6,"左Shift, 左Alt",0x02
2025-05-11T01:33:57.574479,9.773181,06 02 00 00 00 00 00 00 00 00 00 00 00 00 00 00 00 00 00 00 00 00 00 00 00 00 00 00 00 00 00 00,6,"左Shift, 左Alt",
2025-05-11T01:33:57.575345,9.774047,06 00 00 00 00 00 00 00 00 00 00 00 00 00 00 00 00 00 00 00 00 00 00 00 00 00 00 00 00 00 00 00,6,"左Shift, 左Alt",
2025-05-11T01:33:57.889489,10.088191,06 02 00 00 00 00 00 00 00 00 00 00 00 00 00 00 00 00 00 00 00 00 00 00 00 00 00 00 00 00 00 00,6,"左Shift, 左Alt",
2025-05-11T01:33:57.890316,10.089018,06 02 00 01 00 00 00 00 00 00 00 00 00 00 00 00 00 00 00 00 00 00 00 00 00 00 00 00 00 00 00 00,6,"左Shift, 左Alt",0x01
2025-05-11T01:33:58.032489,10.231191,06 02 00 00 00 00 00 00 00 00 00 00 00 00 00 00 00 00 00 00 00 00 00 00 00 00 00 00 00 00 00 00,6,"左Shift, 左Alt",
2025-05-11T01:33:58.033328,10.23203,06 00 00 00 00 00 00 00 00 00 00 00 00 00 00 00 00 00 00 00 00 00 00 00 00 00 00 00 00 00 00 00,6,"左Shift, 左Alt",
2025-05-11T01:33:58.297527,10.496229,06 00 00 00 20 00 00 00 00 00 00 00 00 00 00 00 00 00 00 00 00 00 00 00 00 00 00 00 00 00 00 00,6,"左Shift, 左Alt",#(0x20)
2025-05-11T01:33:58.391527,10.590229,06 00 00 00 00 00 00 00 00 00 00 00 00 00 00 00 00 00 00 00 00 00 00 00 00 00 00 00 00 00 00 00,6,"左Shift, 左Alt",
2025-05-11T01:33:58.598537,10.797239,06 00 00 00 40 00 00 00 00 00 00 00 00 00 00 00 00 00 00 00 00 00 00 00 00 00 00 00 00 00 00 00,6,"左Shift, 左Alt",F7(0x40)
2025-05-11T01:33:58.700530,10.899232,06 00 00 00 00 00 00 00 00 00 00 00 00 00 00 00 00 00 00 00 00 00 00 00 00 00 00 00 00 00 00 00,6,"左Shift, 左Alt",
2025-05-11T01:33:59.469511,11.668213,02 00 00 00 00 01,,,
2025-05-11T01:33:59.470306,11.669008,02 00 00 00 00 00,,,
2025-05-11T01:33:59.516522,11.715224,02 00 00 00 00 01,,,
2025-05-11T01:33:59.517270,11.715972,02 00 00 00 00 00,,,
2025-05-11T01:33:59.547484,11.746186,02 00 00 00 00 01,,,
2025-05-11T01:33:59.548347,11.747049,02 00 00 00 00 00,,,
2025-05-11T01:33:59.585530,11.784232,02 00 00 00 00 01,,,
2025-05-11T01:33:59.586315,11.785017,02 00 00 00 00 00,,,
2025-05-11T01:33:59.617452,11.816154,02 00 00 00 00 01,,,
2025-05-11T01:33:59.618270,11.816972,02 00 00 00 00 00,,,
2025-05-11T01:33:59.644466,11.843168,02 00 00 00 00 01,,,
2025-05-11T01:33:59.645285,11.843987,02 00 00 00 00 00,,,
2025-05-11T01:33:59.806542,12.005244,02 00 00 00 00 FF,,,
2025-05-11T01:33:59.807315,12.006017,02 00 00 00 00 00,,,
2025-05-11T01:33:59.850517,12.049219,02 00 00 00 00 FF,,,
2025-05-11T01:33:59.851270,12.049972,02 00 00 00 00 00,,,
2025-05-11T01:33:59.890529,12.089231,02 00 00 00 00 FF,,,
2025-05-11T01:33:59.891319,12.090021,02 00 00 00 00 00,,,
2025-05-11T01:33:59.933520,12.132222,02 00 00 00 00 FF,,,
2025-05-11T01:33:59.934294,12.132996,02 00 00 00 00 00,,,
2025-05-11T01:33:59.968509,12.167211,02 00 00 00 00 FF,,,
2025-05-11T01:33:59.969324,12.168026,02 00 00 00 00 00,,,
2025-05-11T01:34:00.004556,12.203258,02 00 00 00 00 FF,,,
2025-05-11T01:34:00.005538,12.20424,02 00 00 00 00 00,,,
2025-05-11T01:34:00.419517,12.618219,02 00 00 00 01 00,,,
2025-05-11T01:34:00.420342,12.619044,02 00 00 00 00 00,,,
2025-05-11T01:34:00.450525,12.649227,02 00 00 00 01 00,,,
2025-05-11T01:34:00.451264,12.649966,02 00 00 00 00 00,,,
2025-05-11T01:34:00.478505,12.677207,02 00 00 00 01 00,,,
2025-05-11T01:34:00.479325,12.678027,02 00 00 00 00 00,,,
2025-05-11T01:34:00.510496,12.709198,02 00 00 00 01 00,,,
2025-05-11T01:34:00.511301,12.710003,02 00 00 00 00 00,,,
2025-05-11T01:34:00.541533,12.740235,02 00 00 00 01 00,,,
2025-05-11T01:34:00.542286,12.740988,02 00 00 00 00 00,,,
2025-05-11T01:34:00.581513,12.780215,02 00 00 00 01 00,,,
2025-05-11T01:34:00.582327,12.781029,02 00 00 00 00 00,,,
2025-05-11T01:34:00.697495,12.896197,02 00 00 00 FF 00,,,
2025-05-11T01:34:00.698320,12.897022,02 00 00 00 00 00,,,
2025-05-11T01:34:00.761544,12.960246,02 00 00 00 FF 00,,,
2025-05-11T01:34:00.762298,12.961,02 00 00 00 00 00,,,
2025-05-11T01:34:00.809536,13.008238,02 00 00 00 FF 00,,,
2025-05-11T01:34:00.810306,13.009008,02 00 00 00 00 00,,,
2025-05-11T01:34:00.852514,13.051216,02 00 00 00 FF 00,,,
2025-05-11T01:34:00.853321,13.052023,02 00 00 00 00 00,,,
2025-05-11T01:34:00.905526,13.104228,02 00 00 00 FF 00,,,
2025-05-11T01:34:00.906329,13.105031,02 00 00 00 00 00,,,
2025-05-11T01:34:01.514583,13.713285,06 03 00 00 00 00 00 00 00 00 00 00 00 00 00 00 00 00 00 00 00 00 00 00 00 00 00 00 00 00 00 00,6,"左Shift, 左Alt",
2025-05-11T01:34:01.515325,13.714027,06 03 00 00 00 20 00 00 00 00 00 00 00 00 00 00 00 00 00 00 00 00 00 00 00 00 00 00 00 00 00 00,6,"左Shift, 左Alt",#(0x20)
2025-05-11T01:34:01.516321,13.715023,06 03 00 00 00 00 00 00 00 00 00 00 00 00 00 00 00 00 00 00 00 00 00 00 00 00 00 00 00 00 00 00,6,"左Shift, 左Alt",
2025-05-11T01:34:01.517309,13.716011,06 00 00 00 00 00 00 00 00 00 00 00 00 00 00 00 00 00 00 00 00 00 00 00 00 00 00 00 00 00 00 00,6,"左Shift, 左Alt",
2025-05-11T01:34:01.538494,13.737196,06 03 00 00 00 00 00 00 00 00 00 00 00 00 00 00 00 00 00 00 00 00 00 00 00 00 00 00 00 00 00 00,6,"左Shift, 左Alt",
2025-05-11T01:34:01.539333,13.738035,06 03 00 00 00 20 00 00 00 00 00 00 00 00 00 00 00 00 00 00 00 00 00 00 00 00 00 00 00 00 00 00,6,"左Shift, 左Alt",#(0x20)
2025-05-11T01:34:01.540296,13.738998,06 03 00 00 00 00 00 00 00 00 00 00 00 00 00 00 00 00 00 00 00 00 00 00 00 00 00 00 00 00 00 00,6,"左Shift, 左Alt",
2025-05-11T01:34:01.541307,13.740009,06 00 00 00 00 00 00 00 00 00 00 00 00 00 00 00 00 00 00 00 00 00 00 00 00 00 00 00 00 00 00 00,6,"左Shift, 左Alt",
2025-05-11T01:34:01.568542,13.767244,06 03 00 00 00 00 00 00 00 00 00 00 00 00 00 00 00 00 00 00 00 00 00 00 00 00 00 00 00 00 00 00,6,"左Shift, 左Alt",
2025-05-11T01:34:01.569281,13.767983,06 03 00 00 00 20 00 00 00 00 00 00 00 00 00 00 00 00 00 00 00 00 00 00 00 00 00 00 00 00 00 00,6,"左Shift, 左Alt",#(0x20)
2025-05-11T01:34:01.570318,13.76902,06 03 00 00 00 00 00 00 00 00 00 00 00 00 00 00 00 00 00 00 00 00 00 00 00 00 00 00 00 00 00 00,6,"左Shift, 左Alt",
2025-05-11T01:34:01.571319,13.770021,06 00 00 00 00 00 00 00 00 00 00 00 00 00 00 00 00 00 00 00 00 00 00 00 00 00 00 00 00 00 00 00,6,"左Shift, 左Alt",
2025-05-11T01:34:01.587450,13.786152,06 03 00 00 00 00 00 00 00 00 00 00 00 00 00 00 00 00 00 00 00 00 00 00 00 00 00 00 00 00 00 00,6,"左Shift, 左Alt",
2025-05-11T01:34:01.588315,13.787017,06 03 00 00 00 20 00 00 00 00 00 00 00 00 00 00 00 00 00 00 00 00 00 00 00 00 00 00 00 00 00 00,6,"左Shift, 左Alt",#(0x20)
2025-05-11T01:34:01.589280,13.787982,06 03 00 00 00 00 00 00 00 00 00 00 00 00 00 00 00 00 00 00 00 00 00 00 00 00 00 00 00 00 00 00,6,"左Shift, 左Alt",
2025-05-11T01:34:01.590281,13.788983,06 00 00 00 00 00 00 00 00 00 00 00 00 00 00 00 00 00 00 00 00 00 00 00 00 00 00 00 00 00 00 00,6,"左Shift, 左Alt",
2025-05-11T01:34:01.609505,13.808207,06 03 00 00 00 00 00 00 00 00 00 00 00 00 00 00 00 00 00 00 00 00 00 00 00 00 00 00 00 00 00 00,6,"左Shift, 左Alt",
2025-05-11T01:34:01.610319,13.809021,06 03 00 00 00 20 00 00 00 00 00 00 00 00 00 00 00 00 00 00 00 00 00 00 00 00 00 00 00 00 00 00,6,"左Shift, 左Alt",#(0x20)
2025-05-11T01:34:01.611302,13.810004,06 03 00 00 00 00 00 00 00 00 00 00 00 00 00 00 00 00 00 00 00 00 00 00 00 00 00 00 00 00 00 00,6,"左Shift, 左Alt",
2025-05-11T01:34:01.612301,13.811003,06 00 00 00 00 00 00 00 00 00 00 00 00 00 00 00 00 00 00 00 00 00 00 00 00 00 00 00 00 00 00 00,6,"左Shift, 左Alt",
2025-05-11T01:34:01.624410,13.823112,06 03 00 00 00 00 00 00 00 00 00 00 00 00 00 00 00 00 00 00 00 00 00 00 00 00 00 00 00 00 00 00,6,"左Shift, 左Alt",
2025-05-11T01:34:01.625284,13.823986,06 03 00 00 00 20 00 00 00 00 00 00 00 00 00 00 00 00 00 00 00 00 00 00 00 00 00 00 00 00 00 00,6,"左Shift, 左Alt",#(0x20)
2025-05-11T01:34:01.626275,13.824977,06 03 00 00 00 00 00 00 00 00 00 00 00 00 00 00 00 00 00 00 00 00 00 00 00 00 00 00 00 00 00 00,6,"左Shift, 左Alt",
2025-05-11T01:34:01.627296,13.825998,06 00 00 00 00 00 00 00 00 00 00 00 00 00 00 00 00 00 00 00 00 00 00 00 00 00 00 00 00 00 00 00,6,"左Shift, 左Alt",
2025-05-11T01:34:01.646469,13.845171,06 03 00 00 00 00 00 00 00 00 00 00 00 00 00 00 00 00 00 00 00 00 00 00 00 00 00 00 00 00 00 00,6,"左Shift, 左Alt",
2025-05-11T01:34:01.647372,13.846074,06 03 00 00 00 20 00 00 00 00 00 00 00 00 00 00 00 00 00 00 00 00 00 00 00 00 00 00 00 00 00 00,6,"左Shift, 左Alt",#(0x20)
2025-05-11T01:34:01.648301,13.847003,06 03 00 00 00 00 00 00 00 00 00 00 00 00 00 00 00 00 00 00 00 00 00 00 00 00 00 00 00 00 00 00,6,"左Shift, 左Alt",
2025-05-11T01:34:01.649304,13.848006,06 00 00 00 00 00 00 00 00 00 00 00 00 00 00 00 00 00 00 00 00 00 00 00 00 00 00 00 00 00 00 00,6,"左Shift, 左Alt",
2025-05-11T01:34:01.665506,13.864208,06 03 00 00 00 00 00 00 00 00 00 00 00 00 00 00 00 00 00 00 00 00 00 00 00 00 00 00 00 00 00 00,6,"左Shift, 左Alt",
2025-05-11T01:34:01.666270,13.864972,06 03 00 00 00 20 00 00 00 00 00 00 00 00 00 00 00 00 00 00 00 00 00 00 00 00 00 00 00 00 00 00,6,"左Shift, 左Alt",#(0x20)
2025-05-11T01:34:01.667311,13.866013,06 03 00 00 00 00 00 00 00 00 00 00 00 00 00 00 00 00 00 00 00 00 00 00 00 00 00 00 00 00 00 00,6,"左Shift, 左Alt",
2025-05-11T01:34:01.668302,13.867004,06 00 00 00 00 00 00 00 00 00 00 00 00 00 00 00 00 00 00 00 00 00 00 00 00 00 00 00 00 00 00 00,6,"左Shift, 左Alt",
2025-05-11T01:34:01.708528,13.90723,06 03 00 00 00 00 00 00 00 00 00 00 00 00 00 00 00 00 00 00 00 00 00 00 00 00 00 00 00 00 00 00,6,"左Shift, 左Alt",
2025-05-11T01:34:01.709288,13.90799,06 03 00 00 00 20 00 00 00 00 00 00 00 00 00 00 00 00 00 00 00 00 00 00 00 00 00 00 00 00 00 00,6,"左Shift, 左Alt",#(0x20)
2025-05-11T01:34:01.710344,13.909046,06 03 00 00 00 00 00 00 00 00 00 00 00 00 00 00 00 00 00 00 00 00 00 00 00 00 00 00 00 00 00 00,6,"左Shift, 左Alt",
2025-05-11T01:34:01.711262,13.909964,06 00 00 00 00 00 00 00 00 00 00 00 00 00 00 00 00 00 00 00 00 00 00 00 00 00 00 00 00 00 00 00,6,"左Shift, 左Alt",
2025-05-11T01:34:01.849560,14.048262,06 01 00 00 00 00 00 00 00 00 00 00 00 00 00 00 00 00 00 00 00 00 00 00 00 00 00 00 00 00 00 00,6,"左Shift, 左Alt",
2025-05-11T01:34:01.850371,14.049073,06 01 00 00 00 20 00 00 00 00 00 00 00 00 00 00 00 00 00 00 00 00 00 00 00 00 00 00 00 00 00 00,6,"左Shift, 左Alt",#(0x20)
2025-05-11T01:34:01.851333,14.050035,06 01 00 00 00 00 00 00 00 00 00 00 00 00 00 00 00 00 00 00 00 00 00 00 00 00 00 00 00 00 00 00,6,"左Shift, 左Alt",
2025-05-11T01:34:01.852302,14.051004,06 00 00 00 00 00 00 00 00 00 00 00 00 00 00 00 00 00 00 00 00 00 00 00 00 00 00 00 00 00 00 00,6,"左Shift, 左Alt",
2025-05-11T01:34:01.889501,14.088203,06 01 00 00 00 00 00 00 00 00 00 00 00 00 00 00 00 00 00 00 00 00 00 00 00 00 00 00 00 00 00 00,6,"左Shift, 左Alt",
2025-05-11T01:34:01.890316,14.089018,06 01 00 00 00 20 00 00 00 00 00 00 00 00 00 00 00 00 00 00 00 00 00 00 00 00 00 00 00 00 00 00,6,"左Shift, 左Alt",#(0x20)
2025-05-11T01:34:01.891273,14.089975,06 01 00 00 00 00 00 00 00 00 00 00 00 00 00 00 00 00 00 00 00 00 00 00 00 00 00 00 00 00 00 00,6,"左Shift, 左Alt",
2025-05-11T01:34:01.892324,14.091026,06 00 00 00 00 00 00 00 00 00 00 00 00 00 00 00 00 00 00 00 00 00 00 00 00 00 00 00 00 00 00 00,6,"左Shift, 左Alt",
2025-05-11T01:34:01.913520,14.112222,06 01 00 00 00 00 00 00 00 00 00 00 00 00 00 00 00 00 00 00 00 00 00 00 00 00 00 00 00 00 00 00,6,"左Shift, 左Alt",
2025-05-11T01:34:01.914304,14.113006,06 01 00 00 00 20 00 00 00 00 00 00 00 00 00 00 00 00 00 00 00 00 00 00 00 00 00 00 00 00 00 00,6,"左Shift, 左Alt",#(0x20)
2025-05-11T01:34:01.915319,14.114021,06 01 00 00 00 00 00 00 00 00 00 00 00 00 00 00 00 00 00 00 00 00 00 00 00 00 00 00 00 00 00 00,6,"左Shift, 左Alt",
2025-05-11T01:34:01.916317,14.115019,06 00 00 00 00 00 00 00 00 00 00 00 00 00 00 00 00 00 00 00 00 00 00 00 00 00 00 00 00 00 00 00,6,"左Shift, 左Alt",
2025-05-11T01:34:01.938471,14.137173,06 01 00 00 00 00 00 00 00 00 00 00 00 00 00 00 00 00 00 00 00 00 00 00 00 00 00 00 00 00 00 00,6,"左Shift, 左Alt",
2025-05-11T01:34:01.939326,14.138028,06 01 00 00 00 20 00 00 00 00 00 00 00 00 00 00 00 00 00 00 00 00 00 00 00 00 00 00 00 00 00 00,6,"左Shift, 左Alt",#(0x20)
2025-05-11T01:34:01.940292,14.138994,06 01 00 00 00 00 00 00 00 00 00 00 00 00 00 00 00 00 00 00 00 00 00 00 00 00 00 00 00 00 00 00,6,"左Shift, 左Alt",
2025-05-11T01:34:01.941320,14.140022,06 00 00 00 00 00 00 00 00 00 00 00 00 00 00 00 00 00 00 00 00 00 00 00 00 00 00 00 00 00 00 00,6,"左Shift, 左Alt",
2025-05-11T01:34:01.957445,14.156147,06 01 00 00 00 00 00 00 00 00 00 00 00 00 00 00 00 00 00 00 00 00 00 00 00 00 00 00 00 00 00 00,6,"左Shift, 左Alt",
2025-05-11T01:34:01.958310,14.157012,06 01 00 00 00 20 00 00 00 00 00 00 00 00 00 00 00 00 00 00 00 00 00 00 00 00 00 00 00 00 00 00,6,"左Shift, 左Alt",#(0x20)
2025-05-11T01:34:01.959325,14.158027,06 01 00 00 00 00 00 00 00 00 00 00 00 00 00 00 00 00 00 00 00 00 00 00 00 00 00 00 00 00 00 00,6,"左Shift, 左Alt",
2025-05-11T01:34:01.960247,14.158949,06 00 00 00 00 00 00 00 00 00 00 00 00 00 00 00 00 00 00 00 00 00 00 00 00 00 00 00 00 00 00 00,6,"左Shift, 左Alt",
2025-05-11T01:34:01.983545,14.182247,06 01 00 00 00 00 00 00 00 00 00 00 00 00 00 00 00 00 00 00 00 00 00 00 00 00 00 00 00 00 00 00,6,"左Shift, 左Alt",
2025-05-11T01:34:01.984285,14.182987,06 01 00 00 00 20 00 00 00 00 00 00 00 00 00 00 00 00 00 00 00 00 00 00 00 00 00 00 00 00 00 00,6,"左Shift, 左Alt",#(0x20)
2025-05-11T01:34:01.985258,14.18396,06 01 00 00 00 00 00 00 00 00 00 00 00 00 00 00 00 00 00 00 00 00 00 00 00 00 00 00 00 00 00 00,6,"左Shift, 左Alt",
2025-05-11T01:34:01.986254,14.184956,06 00 00 00 00 00 00 00 00 00 00 00 00 00 00 00 00 00 00 00 00 00 00 00 00 00 00 00 00 00 00 00,6,"左Shift, 左Alt",
2025-05-11T01:34:02.002523,14.201225,06 01 00 00 00 00 00 00 00 00 00 00 00 00 00 00 00 00 00 00 00 00 00 00 00 00 00 00 00 00 00 00,6,"左Shift, 左Alt",
2025-05-11T01:34:02.003297,14.201999,06 01 00 00 00 20 00 00 00 00 00 00 00 00 00 00 00 00 00 00 00 00 00 00 00 00 00 00 00 00 00 00,6,"左Shift, 左Alt",#(0x20)
2025-05-11T01:34:02.004316,14.203018,06 01 00 00 00 00 00 00 00 00 00 00 00 00 00 00 00 00 00 00 00 00 00 00 00 00 00 00 00 00 00 00,6,"左Shift, 左Alt",
2025-05-11T01:34:02.005291,14.203993,06 00 00 00 00 00 00 00 00 00 00 00 00 00 00 00 00 00 00 00 00 00 00 00 00 00 00 00 00 00 00 00,6,"左Shift, 左Alt",
2025-05-11T01:34:02.031516,14.230218,06 01 00 00 00 00 00 00 00 00 00 00 00 00 00 00 00 00 00 00 00 00 00 00 00 00 00 00 00 00 00 00,6,"左Shift, 左Alt",
2025-05-11T01:34:02.032285,14.230987,06 01 00 00 00 20 00 00 00 00 00 00 00 00 00 00 00 00 00 00 00 00 00 00 00 00 00 00 00 00 00 00,6,"左Shift, 左Alt",#(0x20)
2025-05-11T01:34:02.033330,14.232032,06 01 00 00 00 00 00 00 00 00 00 00 00 00 00 00 00 00 00 00 00 00 00 00 00 00 00 00 00 00 00 00,6,"左Shift, 左Alt",
2025-05-11T01:34:02.034258,14.23296,06 00 00 00 00 00 00 00 00 00 00 00 00 00 00 00 00 00 00 00 00 00 00 00 00 00 00 00 00 00 00 00,6,"左Shift, 左Alt",
2025-05-11T01:34:02.053477,14.252179,06 01 00 00 00 00 00 00 00 00 00 00 00 00 00 00 00 00 00 00 00 00 00 00 00 00 00 00 00 00 00 00,6,"左Shift, 左Alt",
2025-05-11T01:34:02.054315,14.253017,06 01 00 00 00 20 00 00 00 00 00 00 00 00 00 00 00 00 00 00 00 00 00 00 00 00 00 00 00 00 00 00,6,"左Shift, 左Alt",#(0x20)
2025-05-11T01:34:02.055277,14.253979,06 01 00 00 00 00 00 00 00 00 00 00 00 00 00 00 00 00 00 00 00 00 00 00 00 00 00 00 00 00 00 00,6,"左Shift, 左Alt",
2025-05-11T01:34:02.056348,14.25505,06 00 00 00 00 00 00 00 00 00 00 00 00 00 00 00 00 00 00 00 00 00 00 00 00 00 00 00 00 00 00 00,6,"左Shift, 左Alt",
2025-05-11T01:34:02.084536,14.283238,06 01 00 00 00 00 00 00 00 00 00 00 00 00 00 00 00 00 00 00 00 00 00 00 00 00 00 00 00 00 00 00,6,"左Shift, 左Alt",
2025-05-11T01:34:02.085291,14.283993,06 01 00 00 00 20 00 00 00 00 00 00 00 00 00 00 00 00 00 00 00 00 00 00 00 00 00 00 00 00 00 00,6,"左Shift, 左Alt",#(0x20)
2025-05-11T01:34:02.086312,14.285014,06 01 00 00 00 00 00 00 00 00 00 00 00 00 00 00 00 00 00 00 00 00 00 00 00 00 00 00 00 00 00 00,6,"左Shift, 左Alt",
2025-05-11T01:34:02.087276,14.285978,06 00 00 00 00 00 00 00 00 00 00 00 00 00 00 00 00 00 00 00 00 00 00 00 00 00 00 00 00 00 00 00,6,"左Shift, 左Alt",
2025-05-11T01:34:02.105475,14.304177,06 01 00 00 00 00 00 00 00 00 00 00 00 00 00 00 00 00 00 00 00 00 00 00 00 00 00 00 00 00 00 00,6,"左Shift, 左Alt",
2025-05-11T01:34:02.106334,14.305036,06 01 00 00 00 20 00 00 00 00 00 00 00 00 00 00 00 00 00 00 00 00 00 00 00 00 00 00 00 00 00 00,6,"左Shift, 左Alt",#(0x20)
2025-05-11T01:34:02.107335,14.306037,06 01 00 00 00 00 00 00 00 00 00 00 00 00 00 00 00 00 00 00 00 00 00 00 00 00 00 00 00 00 00 00,6,"左Shift, 左Alt",
2025-05-11T01:34:02.108313,14.307015,06 00 00 00 00 00 00 00 00 00 00 00 00 00 00 00 00 00 00 00 00 00 00 00 00 00 00 00 00 00 00 00,6,"左Shift, 左Alt",
2025-05-11T01:34:02.151550,14.350252,06 01 00 00 00 00 00 00 00 00 00 00 00 00 00 00 00 00 00 00 00 00 00 00 00 00 00 00 00 00 00 00,6,"左Shift, 左Alt",
2025-05-11T01:34:02.152463,14.351165,06 01 00 00 00 20 00 00 00 00 00 00 00 00 00 00 00 00 00 00 00 00 00 00 00 00 00 00 00 00 00 00,6,"左Shift, 左Alt",#(0x20)
2025-05-11T01:34:02.154689,14.353391,06 01 00 00 00 00 00 00 00 00 00 00 00 00 00 00 00 00 00 00 00 00 00 00 00 00 00 00 00 00 00 00,6,"左Shift, 左Alt",
2025-05-11T01:34:02.154842,14.353544,06 00 00 00 00 00 00 00 00 00 00 00 00 00 00 00 00 00 00 00 00 00 00 00 00 00 00 00 00 00 00 00,6,"左Shift, 左Alt",
2025-05-11T01:34:03.055559,15.254261,06 05 00 00 00 00 00 00 00 00 00 00 00 00 00 00 00 00 00 00 00 00 00 00 00 00 00 00 00 00 00 00,6,"左Shift, 左Alt",
2025-05-11T01:34:03.056341,15.255043,06 05 00 01 00 00 00 00 00 00 00 00 00 00 00 00 00 00 00 00 00 00 00 00 00 00 00 00 00 00 00 00,6,"左Shift, 左Alt",0x01
2025-05-11T01:34:03.218515,15.417217,06 05 00 00 00 00 00 00 00 00 00 00 00 00 00 00 00 00 00 00 00 00 00 00 00 00 00 00 00 00 00 00,6,"左Shift, 左Alt",
2025-05-11T01:34:03.219360,15.418062,06 00 00 00 00 00 00 00 00 00 00 00 00 00 00 00 00 00 00 00 00 00 00 00 00 00 00 00 00 00 00 00,6,"左Shift, 左Alt",
2025-05-11T01:34:04.238572,16.437274,06 01 00 00 00 00 00 00 00 00 00 00 00 00 00 00 00 00 00 00 00 00 00 00 00 00 00 00 00 00 00 00,6,"左Shift, 左Alt",
2025-05-11T01:34:04.239345,16.438047,06 01 00 00 40 00 00 00 00 00 00 00 00 00 00 00 00 00 00 00 00 00 00 00 00 00 00 00 00 00 00 00,6,"左Shift, 左Alt",F7(0x40)
2025-05-11T01:34:04.393537,16.592239,06 01 00 00 00 00 00 00 00 00 00 00 00 00 00 00 00 00 00 00 00 00 00 00 00 00 00 00 00 00 00 00,6,"左Shift, 左Alt",
2025-05-11T01:34:04.394346,16.593048,06 00 00 00 00 00 00 00 00 00 00 00 00 00 00 00 00 00 00 00 00 00 00 00 00 00 00 00 00 00 00 00,6,"左Shift, 左Alt",
2025-05-11T01:34:05.542532,17.741234,06 01 00 00 00 00 00 00 00 00 00 00 00 00 00 00 00 00 00 00 00 00 00 00 00 00 00 00 00 00 00 00,6,"左Shift, 左Alt",
2025-05-11T01:34:05.543339,17.742041,06 01 00 00 00 08 00 00 00 00 00 00 00 00 00 00 00 00 00 00 00 00 00 00 00 00 00 00 00 00 00 00,6,"左Shift, 左Alt",E(0x08)
2025-05-11T01:34:05.609542,17.808244,06 01 00 00 00 00 00 00 00 00 00 00 00 00 00 00 00 00 00 00 00 00 00 00 00 00 00 00 00 00 00 00,6,"左Shift, 左Alt",
2025-05-11T01:34:05.610337,17.809039,06 00 00 00 00 00 00 00 00 00 00 00 00 00 00 00 00 00 00 00 00 00 00 00 00 00 00 00 00 00 00 00,6,"左Shift, 左Alt",
2025-05-11T01:34:05.762588,17.96129,06 01 00 00 00 00 00 00 00 00 00 00 00 00 00 00 00 00 00 00 00 00 00 00 00 00 00 00 00 00 00 00,6,"左Shift, 左Alt",
2025-05-11T01:34:05.763360,17.962062,06 01 40 00 00 00 00 00 00 00 00 00 00 00 00 00 00 00 00 00 00 00 00 00 00 00 00 00 00 00 00 00,6,"左Shift, 左Alt",F7(0x40)
2025-05-11T01:34:05.851586,18.050288,06 01 00 00 00 00 00 00 00 00 00 00 00 00 00 00 00 00 00 00 00 00 00 00 00 00 00 00 00 00 00 00,6,"左Shift, 左Alt",
2025-05-11T01:34:05.852358,18.05106,06 00 00 00 00 00 00 00 00 00 00 00 00 00 00 00 00 00 00 00 00 00 00 00 00 00 00 00 00 00 00 00,6,"左Shift, 左Alt",
2025-05-11T01:34:06.020544,18.219246,06 01 00 00 00 00 00 00 00 00 00 00 00 00 00 00 00 00 00 00 00 00 00 00 00 00 00 00 00 00 00 00,6,"左Shift, 左Alt",
2025-05-11T01:34:06.021381,18.220083,06 01 00 00 00 02 00 00 00 00 00 00 00 00 00 00 00 00 00 00 00 00 00 00 00 00 00 00 00 00 00 00,6,"左Shift, 左Alt",0x02
2025-05-11T01:34:06.098588,18.29729,06 01 00 00 00 00 00 00 00 00 00 00 00 00 00 00 00 00 00 00 00 00 00 00 00 00 00 00 00 00 00 00,6,"左Shift, 左Alt",
2025-05-11T01:34:06.099381,18.298083,06 00 00 00 00 00 00 00 00 00 00 00 00 00 00 00 00 00 00 00 00 00 00 00 00 00 00 00 00 00 00 00,6,"左Shift, 左Alt",
2025-05-11T01:34:06.268598,18.4673,06 00 00 00 00 00 00 00 00 00 00 10 00 00 00 00 00 00 00 00 00 00 00 00 00 00 00 00 00 00 00 00,6,"左Shift, 左Alt",
2025-05-11T01:34:06.344599,18.543301,06 00 00 00 00 00 00 00 00 00 00 00 00 00 00 00 00 00 00 00 00 00 00 00 00 00 00 00 00 00 00 00,6,"左Shift, 左Alt",
2025-05-11T01:34:06.853568,19.05227,06 00 00 00 00 02 00 00 00 00 00 00 00 00 00 00 00 00 00 00 00 00 00 00 00 00 00 00 00 00 00 00,6,"左Shift, 左Alt",0x02
2025-05-11T01:34:06.944581,19.143283,06 00 00 00 00 00 00 00 00 00 00 00 00 00 00 00 00 00 00 00 00 00 00 00 00 00 00 00 00 00 00 00,6,"左Shift, 左Alt",
2025-05-11T01:34:07.067417,19.266119,06 02 00 00 00 00 00 00 00 00 00 00 00 00 00 00 00 00 00 00 00 00 00 00 00 00 00 00 00 00 00 00,6,"左Shift, 左Alt",
2025-05-11T01:34:07.068348,19.26705,06 02 10 00 00 00 00 00 00 00 00 00 00 00 00 00 00 00 00 00 00 00 00 00 00 00 00 00 00 00 00 00,6,"左Shift, 左Alt",M(0x10)
2025-05-11T01:34:07.149449,19.348151,06 02 00 00 00 00 00 00 00 00 00 00 00 00 00 00 00 00 00 00 00 00 00 00 00 00 00 00 00 00 00 00,6,"左Shift, 左Alt",
2025-05-11T01:34:07.150356,19.349058,06 00 00 00 00 00 00 00 00 00 00 00 00 00 00 00 00 00 00 00 00 00 00 00 00 00 00 00 00 00 00 00,6,"左Shift, 左Alt",
2025-05-11T01:34:07.228416,19.427118,06 00 10 00 00 00 00 00 00 00 00 00 00 00 00 00 00 00 00 00 00 00 00 00 00 00 00 00 00 00 00 00,6,"左Shift, 左Alt",M(0x10)
2025-05-11T01:34:07.300442,19.499144,06 00 00 00 00 00 00 00 00 00 00 00 00 00 00 00 00 00 00 00 00 00 00 00 00 00 00 00 00 00 00 00,6,"左Shift, 左Alt",
2025-05-11T01:34:07.435559,19.634261,06 00 20 00 00 00 00 00 00 00 00 00 00 00 00 00 00 00 00 00 00 00 00 00 00 00 00 00 00 00 00 00,6,"左Shift, 左Alt",#(0x20)
2025-05-11T01:34:07.517583,19.716285,06 00 00 00 00 00 00 00 00 00 00 00 00 00 00 00 00 00 00 00 00 00 00 00 00 00 00 00 00 00 00 00,6,"左Shift, 左Alt",
2025-05-11T01:34:07.842586,20.041288,06 00 00 00 00 00 00 10 00 00 00 00 00 00 00 00 00 00 00 00 00 00 00 00 00 00 00 00 00 00 00 00,6,"左Shift, 左Alt",M(0x10)
2025-05-11T01:34:07.951551,20.150253,06 00 00 00 00 00 00 00 00 00 00 00 00 00 00 00 00 00 00 00 00 00 00 00 00 00 00 00 00 00 00 00,6,"左Shift, 左Alt",
2025-05-11T01:34:08.054622,20.253324,06 00 00 00 02 00 00 00 00 00 00 00 00 00 00 00 00 00 00 00 00 00 00 00 00 00 00 00 00 00 00 00,6,"左Shift, 左Alt",0x02
2025-05-11T01:34:08.140599,20.339301,06 00 00 00 00 00 00 00 00 00 00 00 00 00 00 00 00 00 00 00 00 00 00 00 00 00 00 00 00 00 00 00,6,"左Shift, 左Alt",
2025-05-11T01:34:08.211585,20.410287,06 00 00 00 20 00 00 00 00 00 00 00 00 00 00 00 00 00 00 00 00 00 00 00 00 00 00 00 00 00 00 00,6,"左Shift, 左Alt",#(0x20)
2025-05-11T01:34:08.281616,20.480318,06 00 00 00 00 00 00 00 00 00 00 00 00 00 00 00 00 00 00 00 00 00 00 00 00 00 00 00 00 00 00 00,6,"左Shift, 左Alt",
2025-05-11T01:34:08.737608,20.93631,06 00 40 00 00 00 00 00 00 00 00 00 00 00 00 00 00 00 00 00 00 00 00 00 00 00 00 00 00 00 00 00,6,"左Shift, 左Alt",F7(0x40)
2025-05-11T01:34:08.828621,21.027323,06 00 00 00 00 00 00 00 00 00 00 00 00 00 00 00 00 00 00 00 00 00 00 00 00 00 00 00 00 00 00 00,6,"左Shift, 左Alt",
2025-05-11T01:34:09.034567,21.233269,06 00 00 00 08 00 00 00 00 00 00 00 00 00 00 00 00 00 00 00 00 00 00 00 00 00 00 00 00 00 00 00,6,"左Shift, 左Alt",E(0x08)
2025-05-11T01:34:09.125556,21.324258,06 00 00 00 00 00 00 00 00 00 00 00 00 00 00 00 00 00 00 00 00 00 00 00 00 00 00 00 00 00 00 00,6,"左Shift, 左Alt",
2025-05-11T01:34:09.259588,21.45829,06 00 00 08 00 00 00 00 00 00 00 00 00 00 00 00 00 00 00 00 00 00 00 00 00 00 00 00 00 00 00 00,6,"左Shift, 左Alt",E(0x08)
2025-05-11T01:34:09.346615,21.545317,06 00 00 00 00 00 00 00 00 00 00 00 00 00 00 00 00 00 00 00 00 00 00 00 00 00 00 00 00 00 00 00,6,"左Shift, 左Alt",
2025-05-11T01:34:09.377587,21.576289,06 04 00 00 00 00 00 00 00 00 00 00 00 00 00 00 00 00 00 00 00 00 00 00 00 00 00 00 00 00 00 00,6,"左Shift, 左Alt",
2025-05-11T01:34:09.439597,21.638299,06 00 00 00 00 00 00 00 00 00 00 00 00 00 00 00 00 00 00 00 00 00 00 00 00 00 00 00 00 00 00 00,6,"左Shift, 左Alt",
2025-05-11T01:34:09.583585,21.782287,06 00 00 00 80 00 00 00 00 00 00 00 00 00 00 00 00 00 00 00 00 00 00 00 00 00 00 00 00 00 00 00,6,"左Shift, 左Alt",0x80
2025-05-11T01:34:09.666619,21.865321,06 00 00 00 00 00 00 00 00 00 00 00 00 00 00 00 00 00 00 00 00 00 00 00 00 00 00 00 00 00 00 00,6,"左Shift, 左Alt",
2025-05-11T01:34:10.918598,23.1173,06 01 00 00 00 00 00 00 00 00 00 00 00 00 00 00 00 00 00 00 00 00 00 00 00 00 00 00 00 00 00 00,6,"左Shift, 左Alt",
2025-05-11T01:34:10.919390,23.118092,06 01 00 00 00 20 00 00 00 00 00 00 00 00 00 00 00 00 00 00 00 00 00 00 00 00 00 00 00 00 00 00,6,"左Shift, 左Alt",#(0x20)
2025-05-11T01:34:10.920371,23.119073,06 01 00 00 00 00 00 00 00 00 00 00 00 00 00 00 00 00 00 00 00 00 00 00 00 00 00 00 00 00 00 00,6,"左Shift, 左Alt",
2025-05-11T01:34:10.921368,23.12007,06 00 00 00 00 00 00 00 00 00 00 00 00 00 00 00 00 00 00 00 00 00 00 00 00 00 00 00 00 00 00 00,6,"左Shift, 左Alt",
2025-05-11T01:34:10.963554,23.162256,06 01 00 00 00 00 00 00 00 00 00 00 00 00 00 00 00 00 00 00 00 00 00 00 00 00 00 00 00 00 00 00,6,"左Shift, 左Alt",
2025-05-11T01:34:10.964366,23.163068,06 01 00 00 00 20 00 00 00 00 00 00 00 00 00 00 00 00 00 00 00 00 00 00 00 00 00 00 00 00 00 00,6,"左Shift, 左Alt",#(0x20)
2025-05-11T01:34:10.965354,23.164056,06 01 00 00 00 00 00 00 00 00 00 00 00 00 00 00 00 00 00 00 00 00 00 00 00 00 00 00 00 00 00 00,6,"左Shift, 左Alt",
2025-05-11T01:34:10.966366,23.165068,06 00 00 00 00 00 00 00 00 00 00 00 00 00 00 00 00 00 00 00 00 00 00 00 00 00 00 00 00 00 00 00,6,"左Shift, 左Alt",
2025-05-11T01:34:10.990604,23.189306,06 01 00 00 00 00 00 00 00 00 00 00 00 00 00 00 00 00 00 00 00 00 00 00 00 00 00 00 00 00 00 00,6,"左Shift, 左Alt",
2025-05-11T01:34:10.991351,23.190053,06 01 00 00 00 20 00 00 00 00 00 00 00 00 00 00 00 00 00 00 00 00 00 00 00 00 00 00 00 00 00 00,6,"左Shift, 左Alt",#(0x20)
2025-05-11T01:34:10.992346,23.191048,06 01 00 00 00 00 00 00 00 00 00 00 00 00 00 00 00 00 00 00 00 00 00 00 00 00 00 00 00 00 00 00,6,"左Shift, 左Alt",
2025-05-11T01:34:10.993369,23.192071,06 00 00 00 00 00 00 00 00 00 00 00 00 00 00 00 00 00 00 00 00 00 00 00 00 00 00 00 00 00 00 00,6,"左Shift, 左Alt",
2025-05-11T01:34:11.021592,23.220294,06 01 00 00 00 00 00 00 00 00 00 00 00 00 00 00 00 00 00 00 00 00 00 00 00 00 00 00 00 00 00 00,6,"左Shift, 左Alt",
2025-05-11T01:34:11.022413,23.221115,06 01 00 00 00 20 00 00 00 00 00 00 00 00 00 00 00 00 00 00 00 00 00 00 00 00 00 00 00 00 00 00,6,"左Shift, 左Alt",#(0x20)
2025-05-11T01:34:11.023370,23.222072,06 01 00 00 00 00 00 00 00 00 00 00 00 00 00 00 00 00 00 00 00 00 00 00 00 00 00 00 00 00 00 00,6,"左Shift, 左Alt",
2025-05-11T01:34:11.024367,23.223069,06 00 00 00 00 00 00 00 00 00 00 00 00 00 00 00 00 00 00 00 00 00 00 00 00 00 00 00 00 00 00 00,6,"左Shift, 左Alt",
2025-05-11T01:34:11.055613,23.254315,06 01 00 00 00 00 00 00 00 00 00 00 00 00 00 00 00 00 00 00 00 00 00 00 00 00 00 00 00 00 00 00,6,"左Shift, 左Alt",
2025-05-11T01:34:11.056446,23.255148,06 01 00 00 00 20 00 00 00 00 00 00 00 00 00 00 00 00 00 00 00 00 00 00 00 00 00 00 00 00 00 00,6,"左Shift, 左Alt",#(0x20)
2025-05-11T01:34:11.057418,23.25612,06 01 00 00 00 00 00 00 00 00 00 00 00 00 00 00 00 00 00 00 00 00 00 00 00 00 00 00 00 00 00 00,6,"左Shift, 左Alt",
2025-05-11T01:34:11.058342,23.257044,06 00 00 00 00 00 00 00 00 00 00 00 00 00 00 00 00 00 00 00 00 00 00 00 00 00 00 00 00 00 00 00,6,"左Shift, 左Alt",
2025-05-11T01:34:11.235568,23.43427,06 03 00 00 00 00 00 00 00 00 00 00 00 00 00 00 00 00 00 00 00 00 00 00 00 00 00 00 00 00 00 00,6,"左Shift, 左Alt",
2025-05-11T01:34:11.236376,23.435078,06 03 00 00 00 20 00 00 00 00 00 00 00 00 00 00 00 00 00 00 00 00 00 00 00 00 00 00 00 00 00 00,6,"左Shift, 左Alt",#(0x20)
2025-05-11T01:34:11.237368,23.43607,06 03 00 00 00 00 00 00 00 00 00 00 00 00 00 00 00 00 00 00 00 00 00 00 00 00 00 00 00 00 00 00,6,"左Shift, 左Alt",
2025-05-11T01:34:11.238362,23.437064,06 00 00 00 00 00 00 00 00 00 00 00 00 00 00 00 00 00 00 00 00 00 00 00 00 00 00 00 00 00 00 00,6,"左Shift, 左Alt",
2025-05-11T01:34:11.259522,23.458224,06 03 00 00 00 00 00 00 00 00 00 00 00 00 00 00 00 00 00 00 00 00 00 00 00 00 00 00 00 00 00 00,6,"左Shift, 左Alt",
2025-05-11T01:34:11.260356,23.459058,06 03 00 00 00 20 00 00 00 00 00 00 00 00 00 00 00 00 00 00 00 00 00 00 00 00 00 00 00 00 00 00,6,"左Shift, 左Alt",#(0x20)
2025-05-11T01:34:11.261337,23.460039,06 03 00 00 00 00 00 00 00 00 00 00 00 00 00 00 00 00 00 00 00 00 00 00 00 00 00 00 00 00 00 00,6,"左Shift, 左Alt",
2025-05-11T01:34:11.262601,23.461303,06 00 00 00 00 00 00 00 00 00 00 00 00 00 00 00 00 00 00 00 00 00 00 00 00 00 00 00 00 00 00 00,6,"左Shift, 左Alt",
2025-05-11T01:34:11.291596,23.490298,06 03 00 00 00 00 00 00 00 00 00 00 00 00 00 00 00 00 00 00 00 00 00 00 00 00 00 00 00 00 00 00,6,"左Shift, 左Alt",
2025-05-11T01:34:11.292365,23.491067,06 03 00 00 00 20 00 00 00 00 00 00 00 00 00 00 00 00 00 00 00 00 00 00 00 00 00 00 00 00 00 00,6,"左Shift, 左Alt",#(0x20)
2025-05-11T01:34:11.293368,23.49207,06 03 00 00 00 00 00 00 00 00 00 00 00 00 00 00 00 00 00 00 00 00 00 00 00 00 00 00 00 00 00 00,6,"左Shift, 左Alt",
2025-05-11T01:34:11.294374,23.493076,06 00 00 00 00 00 00 00 00 00 00 00 00 00 00 00 00 00 00 00 00 00 00 00 00 00 00 00 00 00 00 00,6,"左Shift, 左Alt",
2025-05-11T01:34:11.315588,23.51429,06 03 00 00 00 00 00 00 00 00 00 00 00 00 00 00 00 00 00 00 00 00 00 00 00 00 00 00 00 00 00 00,6,"左Shift, 左Alt",
2025-05-11T01:34:11.316373,23.515075,06 03 00 00 00 20 00 00 00 00 00 00 00 00 00 00 00 00 00 00 00 00 00 00 00 00 00 00 00 00 00 00,6,"左Shift, 左Alt",#(0x20)
2025-05-11T01:34:11.317338,23.51604,06 03 00 00 00 00 00 00 00 00 00 00 00 00 00 00 00 00 00 00 00 00 00 00 00 00 00 00 00 00 00 00,6,"左Shift, 左Alt",
2025-05-11T01:34:11.318335,23.517037,06 00 00 00 00 00 00 00 00 00 00 00 00 00 00 00 00 00 00 00 00 00 00 00 00 00 00 00 00 00 00 00,6,"左Shift, 左Alt",
2025-05-11T01:34:11.370597,23.569299,06 03 00 00 00 00 00 00 00 00 00 00 00 00 00 00 00 00 00 00 00 00 00 00 00 00 00 00 00 00 00 00,6,"左Shift, 左Alt",
2025-05-11T01:34:11.371421,23.570123,06 03 00 00 00 20 00 00 00 00 00 00 00 00 00 00 00 00 00 00 00 00 00 00 00 00 00 00 00 00 00 00,6,"左Shift, 左Alt",#(0x20)
2025-05-11T01:34:11.372399,23.571101,06 03 00 00 00 00 00 00 00 00 00 00 00 00 00 00 00 00 00 00 00 00 00 00 00 00 00 00 00 00 00 00,6,"左Shift, 左Alt",
2025-05-11T01:34:11.373401,23.572103,06 00 00 00 00 00 00 00 00 00 00 00 00 00 00 00 00 00 00 00 00 00 00 00 00 00 00 00 00 00 00 00,6,"左Shift, 左Alt",
2025-05-11T01:34:11.890629,24.089331,02 00 00 00 00 FF,,,
2025-05-11T01:34:11.891407,24.090109,02 00 00 00 00 00,,,
2025-05-11T01:34:11.949596,24.148298,02 00 00 00 00 FF,,,
2025-05-11T01:34:11.950375,24.149077,02 00 00 00 00 00,,,
2025-05-11T01:34:12.040632,24.239334,02 00 00 00 00 FF,,,
2025-05-11T01:34:12.041401,24.240103,02 00 00 00 00 00,,,
2025-05-11T01:34:12.297598,24.4963,02 00 00 00 00 01,,,
2025-05-11T01:34:12.298412,24.497114,02 00 00 00 00 00,,,
2025-05-11T01:34:12.367588,24.56629,02 00 00 00 00 01,,,
2025-05-11T01:34:12.368381,24.567083,02 00 00 00 00 00,,,
2025-05-11T01:34:12.409625,24.608327,02 00 00 00 00 01,,,
2025-05-11T01:34:12.410401,24.609103,02 00 00 00 00 00,,,
2025-05-11T01:34:12.457623,24.656325,02 00 00 00 00 01,,,
2025-05-11T01:34:12.458428,24.65713,02 00 00 00 00 00,,,
2025-05-11T01:34:13.029612,25.228314,02 00 00 00 FF 00,,,
2025-05-11T01:34:13.030416,25.229118,02 00 00 00 00 00,,,
2025-05-11T01:34:13.124632,25.323334,02 00 00 00 FF 00,,,
2025-05-11T01:34:13.125426,25.324128,02 00 00 00 00 00,,,
2025-05-11T01:34:13.195603,25.394305,02 00 00 00 FF 00,,,
2025-05-11T01:34:13.196410,25.395112,02 00 00 00 00 00,,,
2025-05-11T01:34:13.339605,25.538307,02 00 00 00 FF 00,,,
2025-05-11T01:34:13.340417,25.539119,02 00 00 00 00 00,,,
2025-05-11T01:34:13.550612,25.749314,02 00 00 00 01 00,,,
2025-05-11T01:34:13.551428,25.75013,02 00 00 00 00 00,,,
2025-05-11T01:34:13.624624,25.823326,02 00 00 00 01 00,,,
2025-05-11T01:34:13.625423,25.824125,02 00 00 00 00 00,,,
2025-05-11T01:34:13.681638,25.88034,02 00 00 00 01 00,,,
2025-05-11T01:34:13.682431,25.881133,02 00 00 00 00 00,,,
2025-05-11T01:34:14.972621,27.171323,06 01 00 00 00 00 00 00 00 00 00 00 00 00 00 00 00 00 00 00 00 00 00 00 00 00 00 00 00 00 00 00,6,"左Shift, 左Alt",
2025-05-11T01:34:14.973452,27.172154,06 01 00 00 00 08 00 00 00 00 00 00 00 00 00 00 00 00 00 00 00 00 00 00 00 00 00 00 00 00 00 00,6,"左Shift, 左Alt",E(0x08)
2025-05-11T01:34:15.041633,27.240335,06 01 00 00 00 00 00 00 00 00 00 00 00 00 00 00 00 00 00 00 00 00 00 00 00 00 00 00 00 00 00 00,6,"左Shift, 左Alt",
2025-05-11T01:34:15.042439,27.241141,06 00 00 00 00 00 00 00 00 00 00 00 00 00 00 00 00 00 00 00 00 00 00 00 00 00 00 00 00 00 00 00,6,"左Shift, 左Alt",
2025-05-11T01:34:15.120459,27.319161,06 00 00 00 00 00 00 00 00 00 00 10 00 00 00 00 00 00 00 00 00 00 00 00 00 00 00 00 00 00 00 00,6,"左Shift, 左Alt",
2025-05-11T01:34:15.196605,27.395307,06 00 00 00 00 00 00 00 00 00 00 00 00 00 00 00 00 00 00 00 00 00 00 00 00 00 00 00 00 00 00 00,6,"左Shift, 左Alt",
2025-05-11T01:34:15.377655,27.576357,06 01 00 00 00 00 00 00 00 00 00 00 00 00 00 00 00 00 00 00 00 00 00 00 00 00 00 00 00 00 00 00,6,"左Shift, 左Alt",
2025-05-11T01:34:15.378430,27.577132,06 01 40 00 00 00 00 00 00 00 00 00 00 00 00 00 00 00 00 00 00 00 00 00 00 00 00 00 00 00 00 00,6,"左Shift, 左Alt",F7(0x40)
2025-05-11T01:34:15.470603,27.669305,06 01 00 00 00 00 00 00 00 00 00 00 00 00 00 00 00 00 00 00 00 00 00 00 00 00 00 00 00 00 00 00,6,"左Shift, 左Alt",
2025-05-11T01:34:15.471447,27.670149,06 00 00 00 00 00 00 00 00 00 00 00 00 00 00 00 00 00 00 00 00 00 00 00 00 00 00 00 00 00 00 00,6,"左Shift, 左Alt",
2025-05-11T01:34:15.580625,27.779327,06 01 00 00 00 00 00 00 00 00 00 00 00 00 00 00 00 00 00 00 00 00 00 00 00 00 00 00 00 00 00 00,6,"左Shift, 左Alt",
2025-05-11T01:34:15.581434,27.780136,06 01 00 00 00 02 00 00 00 00 00 00 00 00 00 00 00 00 00 00 00 00 00 00 00 00 00 00 00 00 00 00,6,"左Shift, 左Alt",0x02
2025-05-11T01:34:15.670633,27.869335,06 01 00 00 00 00 00 00 00 00 00 00 00 00 00 00 00 00 00 00 00 00 00 00 00 00 00 00 00 00 00 00,6,"左Shift, 左Alt",
2025-05-11T01:34:15.671421,27.870123,06 00 00 00 00 00 00 00 00 00 00 00 00 00 00 00 00 00 00 00 00 00 00 00 00 00 00 00 00 00 00 00,6,"左Shift, 左Alt",
2025-05-11T01:34:16.315634,28.514336,06 00 00 00 00 02 00 00 00 00 00 00 00 00 00 00 00 00 00 00 00 00 00 00 00 00 00 00 00 00 00 00,6,"左Shift, 左Alt",0x02
2025-05-11T01:34:16.392658,28.59136,06 00 00 00 00 00 00 00 00 00 00 00 00 00 00 00 00 00 00 00 00 00 00 00 00 00 00 00 00 00 00 00,6,"左Shift, 左Alt",
2025-05-11T01:34:16.492629,28.691331,06 00 20 00 00 00 00 00 00 00 00 00 00 00 00 00 00 00 00 00 00 00 00 00 00 00 00 00 00 00 00 00,6,"左Shift, 左Alt",#(0x20)
2025-05-11T01:34:16.574669,28.773371,06 00 00 00 00 00 00 00 00 00 00 00 00 00 00 00 00 00 00 00 00 00 00 00 00 00 00 00 00 00 00 00,6,"左Shift, 左Alt",
2025-05-11T01:34:16.607563,28.806265,06 02 00 00 00 00 00 00 00 00 00 00 00 00 00 00 00 00 00 00 00 00 00 00 00 00 00 00 00 00 00 00,6,"左Shift, 左Alt",
2025-05-11T01:34:16.608393,28.807095,06 02 10 00 00 00 00 00 00 00 00 00 00 00 00 00 00 00 00 00 00 00 00 00 00 00 00 00 00 00 00 00,6,"左Shift, 左Alt",M(0x10)
2025-05-11T01:34:16.683587,28.882289,06 02 00 00 00 00 00 00 00 00 00 00 00 00 00 00 00 00 00 00 00 00 00 00 00 00 00 00 00 00 00 00,6,"左Shift, 左Alt",
2025-05-11T01:34:16.684404,28.883106,06 00 00 00 00 00 00 00 00 00 00 00 00 00 00 00 00 00 00 00 00 00 00 00 00 00 00 00 00 00 00 00,6,"左Shift, 左Alt",
2025-05-11T01:34:16.767663,28.966365,06 00 10 00 00 00 00 00 00 00 00 00 00 00 00 00 00 00 00 00 00 00 00 00 00 00 00 00 00 00 00 00,6,"左Shift, 左Alt",M(0x10)
2025-05-11T01:34:16.831676,29.030378,06 00 00 00 00 00 00 00 00 00 00 00 00 00 00 00 00 00 00 00 00 00 00 00 00 00 00 00 00 00 00 00,6,"左Shift, 左Alt",
2025-05-11T01:34:16.943619,29.142321,06 00 00 00 00 00 00 10 00 00 00 00 00 00 00 00 00 00 00 00 00 00 00 00 00 00 00 00 00 00 00 00,6,"左Shift, 左Alt",M(0x10)
2025-05-11T01:34:17.014636,29.213338,06 00 00 00 00 00 00 00 00 00 00 00 00 00 00 00 00 00 00 00 00 00 00 00 00 00 00 00 00 00 00 00,6,"左Shift, 左Alt",
2025-05-11T01:34:17.197653,29.396355,06 00 00 00 20 00 00 00 00 00 00 00 00 00 00 00 00 00 00 00 00 00 00 00 00 00 00 00 00 00 00 00,6,"左Shift, 左Alt",#(0x20)
2025-05-11T01:34:17.270638,29.46934,06 00 00 00 00 00 00 00 00 00 00 00 00 00 00 00 00 00 00 00 00 00 00 00 00 00 00 00 00 00 00 00,6,"左Shift, 左Alt",
2025-05-11T01:34:17.305623,29.504325,06 00 00 00 02 00 00 00 00 00 00 00 00 00 00 00 00 00 00 00 00 00 00 00 00 00 00 00 00 00 00 00,6,"左Shift, 左Alt",0x02
2025-05-11T01:34:17.382595,29.581297,06 00 00 00 00 00 00 00 00 00 00 00 00 00 00 00 00 00 00 00 00 00 00 00 00 00 00 00 00 00 00 00,6,"左Shift, 左Alt",
2025-05-11T01:34:17.454676,29.653378,06 00 40 00 00 00 00 00 00 00 00 00 00 00 00 00 00 00 00 00 00 00 00 00 00 00 00 00 00 00 00 00,6,"左Shift, 左Alt",F7(0x40)
2025-05-11T01:34:17.534667,29.733369,06 00 00 00 00 00 00 00 00 00 00 00 00 00 00 00 00 00 00 00 00 00 00 00 00 00 00 00 00 00 00 00,6,"左Shift, 左Alt",
2025-05-11T01:34:17.658625,29.857327,06 00 00 00 08 00 00 00 00 00 00 00 00 00 00 00 00 00 00 00 00 00 00 00 00 00 00 00 00 00 00 00,6,"左Shift, 左Alt",E(0x08)
2025-05-11T01:34:17.750627,29.949329,06 00 00 00 00 00 00 00 00 00 00 00 00 00 00 00 00 00 00 00 00 00 00 00 00 00 00 00 00 00 00 00,6,"左Shift, 左Alt",
2025-05-11T01:34:17.779632,29.978334,06 00 00 00 80 00 00 00 00 00 00 00 00 00 00 00 00 00 00 00 00 00 00 00 00 00 00 00 00 00 00 00,6,"左Shift, 左Alt",0x80
2025-05-11T01:34:17.859678,30.05838,06 00 00 00 00 00 00 00 00 00 00 00 00 00 00 00 00 00 00 00 00 00 00 00 00 00 00 00 00 00 00 00,6,"左Shift, 左Alt",
